sigrid boston tickets,n
stanford research jobs,n
why is auditory reaction time faster than visual reaction time,i
try catch python,i
expanded xi squared table,i
Timberland Atlantic Heights Chelsea Boot,n
how can celegans be grown,i
amazon music,n
cytokines,i
nissl stain,i
peach cobler recipe,i
novartis crispr drug,i
mit course picker,n
zipcar,n
abrcms,n
Antonella Roccuzzo,i
facebook messenger download,n
TUNEL,i
tsc mtor,i
python string replacement %,i
C. remanei,i
google model of cat,i
how to run code in atom,i
boohoo,n
provident bank,n
Yuriko Koike,i
balayage,i
wellesley lts office 365,n
cell cycle S phase,i
in vivo patch clamp c elegans,i
'Goddess' person,i
latex in set,i
paula johnson,i
colourpop brik,i
selenium seachForQueries,i
minseung choi,i
posse program,i
ghandi,i
planet fitness newburyport,n
circuit definition,i
l7 purkinje,i
bootstrap blogs,i
llbean quilted riding jacket,i
mit course catalog spring 2018,n
merge sort,i
human brain project intern,n
kelesa,i
neuroengineering curriculum ,i
pip install pickle,i
phillips exeter academy,i
hex coor codes,i
posterior parietal cortex ,i
music mu opiod receptors,i
building 46 mit address,i
unix,i
preference for social novelty test mice,i
table html,i
seaborn normalized histogram,i
'Indira Gandhi',i
pandas sort values in reverse order,i
dna,i
job openings research scientist,n
Margrethe Vestager,i
python get current path,i
prim and kruskal algorithm,i
the knapsack problem,i
list of recurrances and solutions,i
reinforcement learning algorithms,i
timeseries day of week,i
can hermaphrodite c.elegans selfing produce male offspring,i
Vijay Shekhar Sharma,i
wikipedia editing limitation ip address,i
Cerebellar abnormality in children and young adults with tuberous sclerosis complex: MR and diffusion weighted imaging findings ,i
princeton research ,n
running time of checking the connectivity of a node,i
sklearn svm,n
include code in html,i
mitalgorithms for computational biology,i
python check names of all files in a folder,i
bubble visualization python,i
isothermal,i
H.Kim Bottomly,i
impact of fear on visual perception drosophila,i
queen elizabeth II,i
pandas resample days of week,i
ronnie,i
translocation,i
blast e-value,i
jcrew city coat,i
DPY-17 protein c elegans,i
neural circuits lab brandeis,i
ibm careers,n
wellelsey banner,n
protein beads on a string,i
colourpop avenue,i
Elizabeth II,i
matplotlib histogram,i
dentate nucleus  histology,i
hedgehog,i
numpy mean,i
phone call,i
colourpop coupon code,n
independent assortment,i
car lease prices,i
science club for girls,n
visits to google docs inflated in url history,i
mit research assistant,i
dentate nucleus mouse histology,i
poly A tail and 5' cap,i
how to collect snapchat data,i
mice ages,i
#777777,n
dpy-17 mutation c elegans,i
python writelines,i
noora skam,i
independent assortment linked vs unlinked traits,i
breadboard circuit,i
dentate nucleus and posterior parietal cortex,i
jefferson middle school ws nc,n
Guus Velders wikipedia,i
'Theotokos',i
human brain project,n
wikipedia metadata,i
args and kwards python,i
title graph y vs x,i
#727272,i
YC3.60 calcium sensor,i
Isabel D'Alessandro,i
RNAi,i
create dataseries in pandas,i
Caenorhabditis tropicalis,i
pandas sum across lower levels,i
amazon musci,n
daniel,i
voltage clamp in brain slices,i
infrared transgenics,i
resample DataError: No numeric types to aggregate,i
proving a greedy algorithm is optimal example,i
change mac settings so computer doesn't sleep,i
datasample matlab,i
wellesley health services horus,i
df.dayofweek gives all 3,i
pyplot title,i
pandas resample by month only not year,i
robertsonian translocation,i
co2 system aquarium,i
pandas store dataframe in csv file,i
angelica hale,i
belongs to symbol in latex,i
tom garrita williams,i
make inner dictionary into outer dictionary,i
CRISPR nature cover,i
wellesley college add deadline,i
allen brain institute,n
load csv as matrix python,i
kim bottomly,i
mr postman feel it still,i
wikipedia pagerank,i
Thelma Aldana,i
harvard medical school careers,n
primark,n
izzy b,i
BLASTP,i
rental cars monthly rates,i
account number and routing number on check,i
cell lineage tracing with cre recombinase,i
 CTL019 or tisagenlecleucel ,i
cGMP biology,i
Jeanette Vizguerra,i
modulation of olfactory and visual cues,i
merge dictionaries python,i
matplotlib plot counter as bargraph,i
EdX intern,n
solving recurrances,i
cell journal,i
male vs hermaphrodite c elegans,i
amino acid protein,i
pop covers strong vocals,i
htlml text color,i
'George Eliot',i
negative rsult,i
do the deep cerebellar nuclei fire spontaneously,i
pizza hut natick ma,n
log units numpty,i
in vivo extracellular recording cerebellum,i
Collagen alpha-1(XXIV) chain,i
generate heatmap from 2d matrix python matplotlib,i
neuroengineering curriculum center for sensorimotor neural engineering,n
doubly linked list,i
google search history visualization,i
novartis fda approval gene therapy,i
pandas dataframe get rid of percent sign,i
add a new column to dataframe pandas,i
wolfram alpha,n
rachel wilson harvard,i
harvey weinstein,i
large cells of the dentate nucleus,i
python datetime,i
ll bean,n
genetic code,i
nih postbac program,i
promoter for dentate nucleus cells,i
paracentric inevrsion,i
the nakspack problem,i
ombre hair,i
crispr car t cell engineering,i
biological market theory!,i
how much does it cost to add someone to your car insurance,i
generate heatmap from 2d matrix matlab,i
jobs: research assistant positions mit,n
biocytin,i
the noosphere,n
css blog themes,i
wikipedia famous 20th century women,i
drosophila thermotaxis,i
ronnie alfarez,i
how many editors on wikipedia,i
womens navy wool coat,i
carmen opera song,i
why is the location of a mutation in dna more than 3x the location of the mutation in the protein,i
euchromatin vs heterochromatin,i
amazon,n
missense mutation,i
retinal implant,i
Major General Qasem Soleimani,i
range of (x-5)^2,i
j crew city coat,i
Stephan von Breuning,i
depth first search example,i
how to show a menu in python,i
FASTA,i
dentate nucleus cell specific knockout,i
battery icon,i
wellesley college research category,i
Andrew Marc Women's Boucle Wool Notch Collar Coat,i
deep cerebellar nuclei tuberous sclerosis complex,i
sylvia fechner,i
matplotlib x labels,i
microsoft careers,n
dentate nucleus specific knockout,i
np.diff,i
grattan,i
time 100 2017 ,n
wikipedia,n
google tag manager,n
mit brain and cognitive sciecnes,n
dumpy mutation c elegans,i
read from file python,i
python write values to json file,i
wikipedia list of famous women,n