query,label
accepted to wellesley college college confidential,n
art history major wellesley,n
barcelona winter session wellesley,n
brandeis wellesley orchestra,n
campus center wellesley college,n
career education wellesley,n
college confidential wellesley 2021,n
college confidential wellesley waitlist 2021,n
course browser wellesley,n
course catalog wellesley,n
cs111 wellesley,n
discover wellesley 2017 college confidential,n
discover wellesley weekend schedule,n
explo wellesley 2017,n
financial aid services wellesley college,n
handshake wellesley college,n
human resources wellesley college,n
lulu wellesley fresh,n
mywellesley,n
one wellesley summer,n
rate my professor wellesley,n
student financial services wellesley,n
summer courses wellesley,n
wellesley academic calendar 2017-2018,n
wellesley alumnae directory,n
wellesley alumnae magazine,n
wellesley arts,n
wellesley banner login,n
wellesley banner self service,n
wellesley campus employment,n
wellesley center for work and service,n
wellesley chemical physics,n
wellesley class of 2021 facebook,n
wellesley class of 2021 profile,n
wellesley college art studio,n
wellesley college astronomy,n
wellesley college bulletin,n
wellesley college campus,n
wellesley college career center,n
wellesley college career communities,n
wellesley college career community advisor,n
wellesley college common app,n
wellesley college course catalog,n
wellesley college finance,n
wellesley college financial aid calculator,n
wellesley college handshake,n
wellesley college human resources,n
wellesley college international relations political science,n
wellesley college job board,n
wellesley college library catalog,n
wellesley college maintenance request,n
wellesley college online application,n
wellesley college physics department,n
wellesley college prepscholar,n
wellesley college science center floor plan,n
wellesley college travel grant,n
wellesley college tuition calculator,n
wellesley college winter courses,n
wellesley college winter session 2018,n
wellesley college workday,n
wellesley course browser,n
wellesley course catalog,n
wellesley cws,n
wellesley directory,n
wellesley dorms college confidential,n
wellesley email,n
wellesley financial aid college confidential,n
wellesley handshake,n
wellesley hive,n
wellesley login sakai,n
wellesley math,n
wellesley multicultural requirement,n
wellesley phone directory,n
wellesley physics courses,n
wellesley school of music,n
wellesley science center,n
wellesley sofc,n
wellesley student aid society,n
wellesley summer camp 2017,n
wellesley textbooks,n
wellesley winter session courses,n
wellesley workday,n
wellesley youth commision,n
average gpa at wellesley college,i
degree requirements wellesley,i
distribution requirements wellesley college,i
does wellesley have a graduate school,i
does wellesley require sat essay,i
does wellesley superscore,i
does wellesley superscore act,i
does wellesley superscore sat,i
how far is wellesley ma from boston ma,i
how much do professors at wellesley make,i
is wellesley college good for pre med,i
is wellesley need blind for international students,i
is wellesley test optional,i
jobs wellesley college,i
multicultural requirement wellesley,i
political science major requirements wellesley college,i
political science major wellesley,i
political science minor wellesley,i
political science wellesley requirements,i
should i apply to wellesley,i
students jobs wellesley,i
summer jobs wellesley ma,i
wellesley acceptance rate 2015,i
wellesley acceptance rate 2016,i
wellesley acceptance rate 2017,i
wellesley acceptance rate 2021,i
wellesley admissions sat,i
wellesley assistant professor salary,i
wellesley average act,i
wellesley average gpa,i
wellesley college acceptance rate,i
wellesley college act scores,i
wellesley college administrative salaries,i
wellesley college admissions office address,i
wellesley college average gpa,i
wellesley college average sat,i
wellesley college bates hall,i
wellesley college billings hall,i
wellesley college campus size,i
wellesley college certificate programs,i
wellesley college computer science ranking,i
wellesley college course distribution requirements,i
wellesley college course registration,i
wellesley college css profile deadline,i
wellesley college curriculum,i
wellesley college daca,i
wellesley college degrees offered,i
wellesley college director of financial aid,i
wellesley college distribution requirements,i
wellesley college dorm rooms,i
wellesley college education major,i
wellesley college freshman dorms,i
wellesley college gpa,i
wellesley college grade deflation,i
wellesley college grants,i
wellesley college green hall,i
wellesley college high school course requirements,i
wellesley college housing,i
wellesley college internships,i
wellesley college majors,i
wellesley college male female ratio,i
wellesley college medical school,i
wellesley college medical school acceptance rate,i
wellesley college museum passes,i
wellesley college music faculty,i
wellesley college net price,i
wellesley college new sat scores,i
wellesley college notable alumni,i
wellesley college number of students,i
wellesley college out of state tuition,i
wellesley college outside scholarships,i
wellesley college police jobs,i
wellesley college political science ranking,i
wellesley college political science requirements,i
wellesley college professor salary,i
wellesley college ranking,i
wellesley college ranking 2017,i
wellesley college salaries,i
wellesley college sat scores,i
wellesley college sat scores 2017,i
wellesley college science center architect,i
wellesley college spring concert,i
wellesley college teacher certification,i
wellesley college tuition,i
wellesley college tuition in 1965,i
wellesley college typical sat scores 640 740 2014,i
wellesley college world ranking,i
wellesley computer science minor,i
wellesley cost of attendance,i
wellesley department of psychology,i
wellesley distribution requirements,i
wellesley dorm rooms,i
wellesley dorm rules,i
wellesley early decision 2021,i
wellesley early decision acceptance rate,i
wellesley early evaluation acceptance rate,i
wellesley fellowships,i
wellesley five classes,i
wellesley fulbright 2017,i
wellesley grades posted,i
wellesley graduation credits,i
wellesley lulu hours,i
wellesley male students,i
wellesley meal plan,i
wellesley merit scholarships,i
wellesley most popular majors,i
wellesley music scholarships,i
wellesley new dorms,i
wellesley new sat scores,i
wellesley pendleton west renovation,i
wellesley popular majors,i
wellesley pre-med,i
wellesley ranking,i
wellesley regional admissions officers,i
wellesley regular decision 2021,i
wellesley research,i
wellesley room and board,i
wellesley scholarship,i
wellesley to boston,i
wellesley tuition 2017,i
wellesley waitlist,i
wellesley waitlist 2020,i
what does wellesley look for,i
wintersession 2018 wellesley,i